"ITTER107","Territorio","TIPO_DATO14","Tipo dato","PERSONALE","Tipo di qualifica professionale","TIME","Seleziona periodo","Value","Flag Codes","Flags"
"IT","Italia","120","personale sanitario","NURS","professioni sanitarie infermieristiche","2014","2014",320705,,
"IT","Italia","120","personale sanitario","NURS","professioni sanitarie infermieristiche","2015","2015",330602,,
"IT","Italia","120","personale sanitario","NURS","professioni sanitarie infermieristiche","2016","2016",337515,,
"IT","Italia","120","personale sanitario","NURS","professioni sanitarie infermieristiche","2017","2017",351008,,
"IT","Italia","120","personale sanitario","NURS","professioni sanitarie infermieristiche","2018","2018",346949,,
"IT","Italia","120","personale sanitario","NURS","professioni sanitarie infermieristiche","2019","2019",367684,,
"IT","Italia","121","personale sanitario per 1.000 abitanti","NURS","professioni sanitarie infermieristiche","2014","2014",5.28,,
"IT","Italia","121","personale sanitario per 1.000 abitanti","NURS","professioni sanitarie infermieristiche","2015","2015",5.44,,
"IT","Italia","121","personale sanitario per 1.000 abitanti","NURS","professioni sanitarie infermieristiche","2016","2016",5.57,,
"IT","Italia","121","personale sanitario per 1.000 abitanti","NURS","professioni sanitarie infermieristiche","2017","2017",5.8,,
"IT","Italia","121","personale sanitario per 1.000 abitanti","NURS","professioni sanitarie infermieristiche","2018","2018",5.74,,
"IT","Italia","121","personale sanitario per 1.000 abitanti","NURS","professioni sanitarie infermieristiche","2019","2019",6.16,,
"ITCD","Nord","120","personale sanitario","NURS","professioni sanitarie infermieristiche","2014","2014",158083,,
"ITCD","Nord","120","personale sanitario","NURS","professioni sanitarie infermieristiche","2015","2015",161067,,
"ITCD","Nord","120","personale sanitario","NURS","professioni sanitarie infermieristiche","2016","2016",160319,,
"ITCD","Nord","120","personale sanitario","NURS","professioni sanitarie infermieristiche","2017","2017",165128,,
"ITCD","Nord","120","personale sanitario","NURS","professioni sanitarie infermieristiche","2018","2018",165935,,
"ITCD","Nord","120","personale sanitario","NURS","professioni sanitarie infermieristiche","2019","2019",169726,,
"ITCD","Nord","121","personale sanitario per 1.000 abitanti","NURS","professioni sanitarie infermieristiche","2014","2014",5.69,,
"ITCD","Nord","121","personale sanitario per 1.000 abitanti","NURS","professioni sanitarie infermieristiche","2015","2015",5.8,,
"ITCD","Nord","121","personale sanitario per 1.000 abitanti","NURS","professioni sanitarie infermieristiche","2016","2016",5.78,,
"ITCD","Nord","121","personale sanitario per 1.000 abitanti","NURS","professioni sanitarie infermieristiche","2017","2017",5.95,,
"ITCD","Nord","121","personale sanitario per 1.000 abitanti","NURS","professioni sanitarie infermieristiche","2018","2018",5.98,,
"ITCD","Nord","121","personale sanitario per 1.000 abitanti","NURS","professioni sanitarie infermieristiche","2019","2019",6.14,,
"ITC","Nord-ovest","120","personale sanitario","NURS","professioni sanitarie infermieristiche","2014","2014",86375,,
"ITC","Nord-ovest","120","personale sanitario","NURS","professioni sanitarie infermieristiche","2015","2015",88028,,
"ITC","Nord-ovest","120","personale sanitario","NURS","professioni sanitarie infermieristiche","2016","2016",87256,,
"ITC","Nord-ovest","120","personale sanitario","NURS","professioni sanitarie infermieristiche","2017","2017",91060,,
"ITC","Nord-ovest","120","personale sanitario","NURS","professioni sanitarie infermieristiche","2018","2018",90338,,
"ITC","Nord-ovest","120","personale sanitario","NURS","professioni sanitarie infermieristiche","2019","2019",93828,,
"ITC","Nord-ovest","121","personale sanitario per 1.000 abitanti","NURS","professioni sanitarie infermieristiche","2014","2014",5.35,,
"ITC","Nord-ovest","121","personale sanitario per 1.000 abitanti","NURS","professioni sanitarie infermieristiche","2015","2015",5.46,,
"ITC","Nord-ovest","121","personale sanitario per 1.000 abitanti","NURS","professioni sanitarie infermieristiche","2016","2016",5.42,,
"ITC","Nord-ovest","121","personale sanitario per 1.000 abitanti","NURS","professioni sanitarie infermieristiche","2017","2017",5.66,,
"ITC","Nord-ovest","121","personale sanitario per 1.000 abitanti","NURS","professioni sanitarie infermieristiche","2018","2018",5.61,,
"ITC","Nord-ovest","121","personale sanitario per 1.000 abitanti","NURS","professioni sanitarie infermieristiche","2019","2019",5.87,,
"ITC1","Piemonte","120","personale sanitario","NURS","professioni sanitarie infermieristiche","2014","2014",24311,,
"ITC1","Piemonte","120","personale sanitario","NURS","professioni sanitarie infermieristiche","2015","2015",24848,,
"ITC1","Piemonte","120","personale sanitario","NURS","professioni sanitarie infermieristiche","2016","2016",24769,,
"ITC1","Piemonte","120","personale sanitario","NURS","professioni sanitarie infermieristiche","2017","2017",25822,,
"ITC1","Piemonte","120","personale sanitario","NURS","professioni sanitarie infermieristiche","2018","2018",25700,,
"ITC1","Piemonte","120","personale sanitario","NURS","professioni sanitarie infermieristiche","2019","2019",26584,,
"ITC1","Piemonte","121","personale sanitario per 1.000 abitanti","NURS","professioni sanitarie infermieristiche","2014","2014",5.49,,
"ITC1","Piemonte","121","personale sanitario per 1.000 abitanti","NURS","professioni sanitarie infermieristiche","2015","2015",5.63,,
"ITC1","Piemonte","121","personale sanitario per 1.000 abitanti","NURS","professioni sanitarie infermieristiche","2016","2016",5.63,,
"ITC1","Piemonte","121","personale sanitario per 1.000 abitanti","NURS","professioni sanitarie infermieristiche","2017","2017",5.89,,
"ITC1","Piemonte","121","personale sanitario per 1.000 abitanti","NURS","professioni sanitarie infermieristiche","2018","2018",5.89,,
"ITC1","Piemonte","121","personale sanitario per 1.000 abitanti","NURS","professioni sanitarie infermieristiche","2019","2019",6.15,,
"ITC2","Valle d'Aosta / Vallée d'Aoste","120","personale sanitario","NURS","professioni sanitarie infermieristiche","2014","2014",793,,
"ITC2","Valle d'Aosta / Vallée d'Aoste","120","personale sanitario","NURS","professioni sanitarie infermieristiche","2015","2015",823,,
"ITC2","Valle d'Aosta / Vallée d'Aoste","120","personale sanitario","NURS","professioni sanitarie infermieristiche","2016","2016",831,,
"ITC2","Valle d'Aosta / Vallée d'Aoste","120","personale sanitario","NURS","professioni sanitarie infermieristiche","2017","2017",858,,
"ITC2","Valle d'Aosta / Vallée d'Aoste","120","personale sanitario","NURS","professioni sanitarie infermieristiche","2018","2018",855,,
"ITC2","Valle d'Aosta / Vallée d'Aoste","120","personale sanitario","NURS","professioni sanitarie infermieristiche","2019","2019",847,,
"ITC2","Valle d'Aosta / Vallée d'Aoste","121","personale sanitario per 1.000 abitanti","NURS","professioni sanitarie infermieristiche","2014","2014",6.17,,
"ITC2","Valle d'Aosta / Vallée d'Aoste","121","personale sanitario per 1.000 abitanti","NURS","professioni sanitarie infermieristiche","2015","2015",6.44,,
"ITC2","Valle d'Aosta / Vallée d'Aoste","121","personale sanitario per 1.000 abitanti","NURS","professioni sanitarie infermieristiche","2016","2016",6.54,,
"ITC2","Valle d'Aosta / Vallée d'Aoste","121","personale sanitario per 1.000 abitanti","NURS","professioni sanitarie infermieristiche","2017","2017",6.78,,
"ITC2","Valle d'Aosta / Vallée d'Aoste","121","personale sanitario per 1.000 abitanti","NURS","professioni sanitarie infermieristiche","2018","2018",6.79,,
"ITC2","Valle d'Aosta / Vallée d'Aoste","121","personale sanitario per 1.000 abitanti","NURS","professioni sanitarie infermieristiche","2019","2019",6.76,,
"ITC3","Liguria","120","personale sanitario","NURS","professioni sanitarie infermieristiche","2014","2014",10393,,
"ITC3","Liguria","120","personale sanitario","NURS","professioni sanitarie infermieristiche","2015","2015",10552,,
"ITC3","Liguria","120","personale sanitario","NURS","professioni sanitarie infermieristiche","2016","2016",10821,,
"ITC3","Liguria","120","personale sanitario","NURS","professioni sanitarie infermieristiche","2017","2017",11925,,
"ITC3","Liguria","120","personale sanitario","NURS","professioni sanitarie infermieristiche","2018","2018",10810,,
"ITC3","Liguria","120","personale sanitario","NURS","professioni sanitarie infermieristiche","2019","2019",12328,,
"ITC3","Liguria","121","personale sanitario per 1.000 abitanti","NURS","professioni sanitarie infermieristiche","2014","2014",6.55,,
"ITC3","Liguria","121","personale sanitario per 1.000 abitanti","NURS","professioni sanitarie infermieristiche","2015","2015",6.69,,
"ITC3","Liguria","121","personale sanitario per 1.000 abitanti","NURS","professioni sanitarie infermieristiche","2016","2016",6.9,,
"ITC3","Liguria","121","personale sanitario per 1.000 abitanti","NURS","professioni sanitarie infermieristiche","2017","2017",7.64,,
"ITC3","Liguria","121","personale sanitario per 1.000 abitanti","NURS","professioni sanitarie infermieristiche","2018","2018",6.96,,
"ITC3","Liguria","121","personale sanitario per 1.000 abitanti","NURS","professioni sanitarie infermieristiche","2019","2019",8.06,,
"ITC4","Lombardia","120","personale sanitario","NURS","professioni sanitarie infermieristiche","2014","2014",50878,,
"ITC4","Lombardia","120","personale sanitario","NURS","professioni sanitarie infermieristiche","2015","2015",51805,,
"ITC4","Lombardia","120","personale sanitario","NURS","professioni sanitarie infermieristiche","2016","2016",50835,,
"ITC4","Lombardia","120","personale sanitario","NURS","professioni sanitarie infermieristiche","2017","2017",52455,,
"ITC4","Lombardia","120","personale sanitario","NURS","professioni sanitarie infermieristiche","2018","2018",52973,,
"ITC4","Lombardia","120","personale sanitario","NURS","professioni sanitarie infermieristiche","2019","2019",54069,,
"ITC4","Lombardia","121","personale sanitario per 1.000 abitanti","NURS","professioni sanitarie infermieristiche","2014","2014",5.09,,
"ITC4","Lombardia","121","personale sanitario per 1.000 abitanti","NURS","professioni sanitarie infermieristiche","2015","2015",5.18,,
"ITC4","Lombardia","121","personale sanitario per 1.000 abitanti","NURS","professioni sanitarie infermieristiche","2016","2016",5.08,,
"ITC4","Lombardia","121","personale sanitario per 1.000 abitanti","NURS","professioni sanitarie infermieristiche","2017","2017",5.23,,
"ITC4","Lombardia","121","personale sanitario per 1.000 abitanti","NURS","professioni sanitarie infermieristiche","2018","2018",5.27,,
"ITC4","Lombardia","121","personale sanitario per 1.000 abitanti","NURS","professioni sanitarie infermieristiche","2019","2019",5.4,,
"ITD","Nord-est","120","personale sanitario","NURS","professioni sanitarie infermieristiche","2014","2014",71708,,
"ITD","Nord-est","120","personale sanitario","NURS","professioni sanitarie infermieristiche","2015","2015",73039,,
"ITD","Nord-est","120","personale sanitario","NURS","professioni sanitarie infermieristiche","2016","2016",73063,,
"ITD","Nord-est","120","personale sanitario","NURS","professioni sanitarie infermieristiche","2017","2017",74068,,
"ITD","Nord-est","120","personale sanitario","NURS","professioni sanitarie infermieristiche","2018","2018",75597,,
"ITD","Nord-est","120","personale sanitario","NURS","professioni sanitarie infermieristiche","2019","2019",75898,,
"ITD","Nord-est","121","personale sanitario per 1.000 abitanti","NURS","professioni sanitarie infermieristiche","2014","2014",6.15,,
"ITD","Nord-est","121","personale sanitario per 1.000 abitanti","NURS","professioni sanitarie infermieristiche","2015","2015",6.27,,
"ITD","Nord-est","121","personale sanitario per 1.000 abitanti","NURS","professioni sanitarie infermieristiche","2016","2016",6.28,,
"ITD","Nord-est","121","personale sanitario per 1.000 abitanti","NURS","professioni sanitarie infermieristiche","2017","2017",6.36,,
"ITD","Nord-est","121","personale sanitario per 1.000 abitanti","NURS","professioni sanitarie infermieristiche","2018","2018",6.49,,
"ITD","Nord-est","121","personale sanitario per 1.000 abitanti","NURS","professioni sanitarie infermieristiche","2019","2019",6.53,,
"ITDA","Trentino Alto Adige / Südtirol","120","personale sanitario","NURS","professioni sanitarie infermieristiche","2014","2014",7584,,
"ITDA","Trentino Alto Adige / Südtirol","120","personale sanitario","NURS","professioni sanitarie infermieristiche","2015","2015",7719,,
"ITDA","Trentino Alto Adige / Südtirol","120","personale sanitario","NURS","professioni sanitarie infermieristiche","2016","2016",7732,,
"ITDA","Trentino Alto Adige / Südtirol","120","personale sanitario","NURS","professioni sanitarie infermieristiche","2017","2017",8079,,
"ITDA","Trentino Alto Adige / Südtirol","120","personale sanitario","NURS","professioni sanitarie infermieristiche","2018","2018",7577,,
"ITDA","Trentino Alto Adige / Südtirol","120","personale sanitario","NURS","professioni sanitarie infermieristiche","2019","2019",8403,,
"ITDA","Trentino Alto Adige / Südtirol","121","personale sanitario per 1.000 abitanti","NURS","professioni sanitarie infermieristiche","2014","2014",7.2,,
"ITDA","Trentino Alto Adige / Südtirol","121","personale sanitario per 1.000 abitanti","NURS","professioni sanitarie infermieristiche","2015","2015",7.3,,
"ITDA","Trentino Alto Adige / Südtirol","121","personale sanitario per 1.000 abitanti","NURS","professioni sanitarie infermieristiche","2016","2016",7.29,,
"ITDA","Trentino Alto Adige / Südtirol","121","personale sanitario per 1.000 abitanti","NURS","professioni sanitarie infermieristiche","2017","2017",7.58,,
"ITDA","Trentino Alto Adige / Südtirol","121","personale sanitario per 1.000 abitanti","NURS","professioni sanitarie infermieristiche","2018","2018",7.08,,
"ITDA","Trentino Alto Adige / Südtirol","121","personale sanitario per 1.000 abitanti","NURS","professioni sanitarie infermieristiche","2019","2019",7.81,,
"ITD1","Provincia Autonoma Bolzano / Bozen","120","personale sanitario","NURS","professioni sanitarie infermieristiche","2014","2014",3826,,
"ITD1","Provincia Autonoma Bolzano / Bozen","120","personale sanitario","NURS","professioni sanitarie infermieristiche","2015","2015",3864,,
"ITD1","Provincia Autonoma Bolzano / Bozen","120","personale sanitario","NURS","professioni sanitarie infermieristiche","2016","2016",3960,,
"ITD1","Provincia Autonoma Bolzano / Bozen","120","personale sanitario","NURS","professioni sanitarie infermieristiche","2017","2017",4221,,
"ITD1","Provincia Autonoma Bolzano / Bozen","120","personale sanitario","NURS","professioni sanitarie infermieristiche","2018","2018",4040,,
"ITD1","Provincia Autonoma Bolzano / Bozen","120","personale sanitario","NURS","professioni sanitarie infermieristiche","2019","2019",4417,,
"ITD1","Provincia Autonoma Bolzano / Bozen","121","personale sanitario per 1.000 abitanti","NURS","professioni sanitarie infermieristiche","2014","2014",7.4,,
"ITD1","Provincia Autonoma Bolzano / Bozen","121","personale sanitario per 1.000 abitanti","NURS","professioni sanitarie infermieristiche","2015","2015",7.43,,
"ITD1","Provincia Autonoma Bolzano / Bozen","121","personale sanitario per 1.000 abitanti","NURS","professioni sanitarie infermieristiche","2016","2016",7.58,,
"ITD1","Provincia Autonoma Bolzano / Bozen","121","personale sanitario per 1.000 abitanti","NURS","professioni sanitarie infermieristiche","2017","2017",8.02,,
"ITD1","Provincia Autonoma Bolzano / Bozen","121","personale sanitario per 1.000 abitanti","NURS","professioni sanitarie infermieristiche","2018","2018",7.63,,
"ITD1","Provincia Autonoma Bolzano / Bozen","121","personale sanitario per 1.000 abitanti","NURS","professioni sanitarie infermieristiche","2019","2019",8.31,,
"ITD2","Provincia Autonoma Trento","120","personale sanitario","NURS","professioni sanitarie infermieristiche","2014","2014",3758,,
"ITD2","Provincia Autonoma Trento","120","personale sanitario","NURS","professioni sanitarie infermieristiche","2015","2015",3855,,
"ITD2","Provincia Autonoma Trento","120","personale sanitario","NURS","professioni sanitarie infermieristiche","2016","2016",3772,,
"ITD2","Provincia Autonoma Trento","120","personale sanitario","NURS","professioni sanitarie infermieristiche","2017","2017",3858,,
"ITD2","Provincia Autonoma Trento","120","personale sanitario","NURS","professioni sanitarie infermieristiche","2018","2018",3537,,
"ITD2","Provincia Autonoma Trento","120","personale sanitario","NURS","professioni sanitarie infermieristiche","2019","2019",3986,,
"ITD2","Provincia Autonoma Trento","121","personale sanitario per 1.000 abitanti","NURS","professioni sanitarie infermieristiche","2014","2014",7,,
"ITD2","Provincia Autonoma Trento","121","personale sanitario per 1.000 abitanti","NURS","professioni sanitarie infermieristiche","2015","2015",7.17,,
"ITD2","Provincia Autonoma Trento","121","personale sanitario per 1.000 abitanti","NURS","professioni sanitarie infermieristiche","2016","2016",7.01,,
"ITD2","Provincia Autonoma Trento","121","personale sanitario per 1.000 abitanti","NURS","professioni sanitarie infermieristiche","2017","2017",7.15,,
"ITD2","Provincia Autonoma Trento","121","personale sanitario per 1.000 abitanti","NURS","professioni sanitarie infermieristiche","2018","2018",6.54,,
"ITD2","Provincia Autonoma Trento","121","personale sanitario per 1.000 abitanti","NURS","professioni sanitarie infermieristiche","2019","2019",7.32,,
"ITD3","Veneto","120","personale sanitario","NURS","professioni sanitarie infermieristiche","2014","2014",29137,,
"ITD3","Veneto","120","personale sanitario","NURS","professioni sanitarie infermieristiche","2015","2015",29704,,
"ITD3","Veneto","120","personale sanitario","NURS","professioni sanitarie infermieristiche","2016","2016",30161,,
"ITD3","Veneto","120","personale sanitario","NURS","professioni sanitarie infermieristiche","2017","2017",30445,,
"ITD3","Veneto","120","personale sanitario","NURS","professioni sanitarie infermieristiche","2018","2018",31341,,
"ITD3","Veneto","120","personale sanitario","NURS","professioni sanitarie infermieristiche","2019","2019",31184,,
"ITD3","Veneto","121","personale sanitario per 1.000 abitanti","NURS","professioni sanitarie infermieristiche","2014","2014",5.91,,
"ITD3","Veneto","121","personale sanitario per 1.000 abitanti","NURS","professioni sanitarie infermieristiche","2015","2015",6.04,,
"ITD3","Veneto","121","personale sanitario per 1.000 abitanti","NURS","professioni sanitarie infermieristiche","2016","2016",6.14,,
"ITD3","Veneto","121","personale sanitario per 1.000 abitanti","NURS","professioni sanitarie infermieristiche","2017","2017",6.21,,
"ITD3","Veneto","121","personale sanitario per 1.000 abitanti","NURS","professioni sanitarie infermieristiche","2018","2018",6.39,,
"ITD3","Veneto","121","personale sanitario per 1.000 abitanti","NURS","professioni sanitarie infermieristiche","2019","2019",6.39,,
"ITD4","Friuli-Venezia Giulia","120","personale sanitario","NURS","professioni sanitarie infermieristiche","2014","2014",7905,,
"ITD4","Friuli-Venezia Giulia","120","personale sanitario","NURS","professioni sanitarie infermieristiche","2015","2015",7992,,
"ITD4","Friuli-Venezia Giulia","120","personale sanitario","NURS","professioni sanitarie infermieristiche","2016","2016",7923,,
"ITD4","Friuli-Venezia Giulia","120","personale sanitario","NURS","professioni sanitarie infermieristiche","2017","2017",8141,,
"ITD4","Friuli-Venezia Giulia","120","personale sanitario","NURS","professioni sanitarie infermieristiche","2018","2018",8359,,
"ITD4","Friuli-Venezia Giulia","120","personale sanitario","NURS","professioni sanitarie infermieristiche","2019","2019",8218,,
"ITD4","Friuli-Venezia Giulia","121","personale sanitario per 1.000 abitanti","NURS","professioni sanitarie infermieristiche","2014","2014",6.44,,
"ITD4","Friuli-Venezia Giulia","121","personale sanitario per 1.000 abitanti","NURS","professioni sanitarie infermieristiche","2015","2015",6.53,,
"ITD4","Friuli-Venezia Giulia","121","personale sanitario per 1.000 abitanti","NURS","professioni sanitarie infermieristiche","2016","2016",6.5,,
"ITD4","Friuli-Venezia Giulia","121","personale sanitario per 1.000 abitanti","NURS","professioni sanitarie infermieristiche","2017","2017",6.69,,
"ITD4","Friuli-Venezia Giulia","121","personale sanitario per 1.000 abitanti","NURS","professioni sanitarie infermieristiche","2018","2018",6.88,,
"ITD4","Friuli-Venezia Giulia","121","personale sanitario per 1.000 abitanti","NURS","professioni sanitarie infermieristiche","2019","2019",6.8,,
"ITD5","Emilia-Romagna","120","personale sanitario","NURS","professioni sanitarie infermieristiche","2014","2014",27082,,
"ITD5","Emilia-Romagna","120","personale sanitario","NURS","professioni sanitarie infermieristiche","2015","2015",27624,,
"ITD5","Emilia-Romagna","120","personale sanitario","NURS","professioni sanitarie infermieristiche","2016","2016",27247,,
"ITD5","Emilia-Romagna","120","personale sanitario","NURS","professioni sanitarie infermieristiche","2017","2017",27403,,
"ITD5","Emilia-Romagna","120","personale sanitario","NURS","professioni sanitarie infermieristiche","2018","2018",28320,,
"ITD5","Emilia-Romagna","120","personale sanitario","NURS","professioni sanitarie infermieristiche","2019","2019",28093,,
"ITD5","Emilia-Romagna","121","personale sanitario per 1.000 abitanti","NURS","professioni sanitarie infermieristiche","2014","2014",6.09,,
"ITD5","Emilia-Romagna","121","personale sanitario per 1.000 abitanti","NURS","professioni sanitarie infermieristiche","2015","2015",6.21,,
"ITD5","Emilia-Romagna","121","personale sanitario per 1.000 abitanti","NURS","professioni sanitarie infermieristiche","2016","2016",6.12,,
"ITD5","Emilia-Romagna","121","personale sanitario per 1.000 abitanti","NURS","professioni sanitarie infermieristiche","2017","2017",6.16,,
"ITD5","Emilia-Romagna","121","personale sanitario per 1.000 abitanti","NURS","professioni sanitarie infermieristiche","2018","2018",6.36,,
"ITD5","Emilia-Romagna","121","personale sanitario per 1.000 abitanti","NURS","professioni sanitarie infermieristiche","2019","2019",6.3,,
"ITE","Centro","120","personale sanitario","NURS","professioni sanitarie infermieristiche","2014","2014",64563,,
"ITE","Centro","120","personale sanitario","NURS","professioni sanitarie infermieristiche","2015","2015",67272,,
"ITE","Centro","120","personale sanitario","NURS","professioni sanitarie infermieristiche","2016","2016",68890,,
"ITE","Centro","120","personale sanitario","NURS","professioni sanitarie infermieristiche","2017","2017",71923,,
"ITE","Centro","120","personale sanitario","NURS","professioni sanitarie infermieristiche","2018","2018",72324,,
"ITE","Centro","120","personale sanitario","NURS","professioni sanitarie infermieristiche","2019","2019",77091,,
"ITE","Centro","121","personale sanitario per 1.000 abitanti","NURS","professioni sanitarie infermieristiche","2014","2014",5.34,,
"ITE","Centro","121","personale sanitario per 1.000 abitanti","NURS","professioni sanitarie infermieristiche","2015","2015",5.57,,
"ITE","Centro","121","personale sanitario per 1.000 abitanti","NURS","professioni sanitarie infermieristiche","2016","2016",5.71,,
"ITE","Centro","121","personale sanitario per 1.000 abitanti","NURS","professioni sanitarie infermieristiche","2017","2017",5.96,,
"ITE","Centro","121","personale sanitario per 1.000 abitanti","NURS","professioni sanitarie infermieristiche","2018","2018",6.01,,
"ITE","Centro","121","personale sanitario per 1.000 abitanti","NURS","professioni sanitarie infermieristiche","2019","2019",6.51,,
"ITE1","Toscana","120","personale sanitario","NURS","professioni sanitarie infermieristiche","2014","2014",21774,,
"ITE1","Toscana","120","personale sanitario","NURS","professioni sanitarie infermieristiche","2015","2015",22590,,
"ITE1","Toscana","120","personale sanitario","NURS","professioni sanitarie infermieristiche","2016","2016",23104,,
"ITE1","Toscana","120","personale sanitario","NURS","professioni sanitarie infermieristiche","2017","2017",23668,,
"ITE1","Toscana","120","personale sanitario","NURS","professioni sanitarie infermieristiche","2018","2018",24032,,
"ITE1","Toscana","120","personale sanitario","NURS","professioni sanitarie infermieristiche","2019","2019",24145,,
"ITE1","Toscana","121","personale sanitario per 1.000 abitanti","NURS","professioni sanitarie infermieristiche","2014","2014",5.8,,
"ITE1","Toscana","121","personale sanitario per 1.000 abitanti","NURS","professioni sanitarie infermieristiche","2015","2015",6.03,,
"ITE1","Toscana","121","personale sanitario per 1.000 abitanti","NURS","professioni sanitarie infermieristiche","2016","2016",6.17,,
"ITE1","Toscana","121","personale sanitario per 1.000 abitanti","NURS","professioni sanitarie infermieristiche","2017","2017",6.33,,
"ITE1","Toscana","121","personale sanitario per 1.000 abitanti","NURS","professioni sanitarie infermieristiche","2018","2018",6.44,,
"ITE1","Toscana","121","personale sanitario per 1.000 abitanti","NURS","professioni sanitarie infermieristiche","2019","2019",6.53,,
"ITE2","Umbria","120","personale sanitario","NURS","professioni sanitarie infermieristiche","2014","2014",5420,,
"ITE2","Umbria","120","personale sanitario","NURS","professioni sanitarie infermieristiche","2015","2015",5636,,
"ITE2","Umbria","120","personale sanitario","NURS","professioni sanitarie infermieristiche","2016","2016",5756,,
"ITE2","Umbria","120","personale sanitario","NURS","professioni sanitarie infermieristiche","2017","2017",5900,,
"ITE2","Umbria","120","personale sanitario","NURS","professioni sanitarie infermieristiche","2018","2018",6100,,
"ITE2","Umbria","120","personale sanitario","NURS","professioni sanitarie infermieristiche","2019","2019",6080,,
"ITE2","Umbria","121","personale sanitario per 1.000 abitanti","NURS","professioni sanitarie infermieristiche","2014","2014",6.05,,
"ITE2","Umbria","121","personale sanitario per 1.000 abitanti","NURS","professioni sanitarie infermieristiche","2015","2015",6.31,,
"ITE2","Umbria","121","personale sanitario per 1.000 abitanti","NURS","professioni sanitarie infermieristiche","2016","2016",6.47,,
"ITE2","Umbria","121","personale sanitario per 1.000 abitanti","NURS","professioni sanitarie infermieristiche","2017","2017",6.65,,
"ITE2","Umbria","121","personale sanitario per 1.000 abitanti","NURS","professioni sanitarie infermieristiche","2018","2018",6.91,,
"ITE2","Umbria","121","personale sanitario per 1.000 abitanti","NURS","professioni sanitarie infermieristiche","2019","2019",6.97,,
"ITE3","Marche","120","personale sanitario","NURS","professioni sanitarie infermieristiche","2014","2014",8479,,
"ITE3","Marche","120","personale sanitario","NURS","professioni sanitarie infermieristiche","2015","2015",8839,,
"ITE3","Marche","120","personale sanitario","NURS","professioni sanitarie infermieristiche","2016","2016",9025,,
"ITE3","Marche","120","personale sanitario","NURS","professioni sanitarie infermieristiche","2017","2017",9259,,
"ITE3","Marche","120","personale sanitario","NURS","professioni sanitarie infermieristiche","2018","2018",9421,,
"ITE3","Marche","120","personale sanitario","NURS","professioni sanitarie infermieristiche","2019","2019",9671,,
"ITE3","Marche","121","personale sanitario per 1.000 abitanti","NURS","professioni sanitarie infermieristiche","2014","2014",5.46,,
"ITE3","Marche","121","personale sanitario per 1.000 abitanti","NURS","professioni sanitarie infermieristiche","2015","2015",5.71,,
"ITE3","Marche","121","personale sanitario per 1.000 abitanti","NURS","professioni sanitarie infermieristiche","2016","2016",5.86,,
"ITE3","Marche","121","personale sanitario per 1.000 abitanti","NURS","professioni sanitarie infermieristiche","2017","2017",6.03,,
"ITE3","Marche","121","personale sanitario per 1.000 abitanti","NURS","professioni sanitarie infermieristiche","2018","2018",6.16,,
"ITE3","Marche","121","personale sanitario per 1.000 abitanti","NURS","professioni sanitarie infermieristiche","2019","2019",6.38,,
"ITE4","Lazio","120","personale sanitario","NURS","professioni sanitarie infermieristiche","2014","2014",28890,,
"ITE4","Lazio","120","personale sanitario","NURS","professioni sanitarie infermieristiche","2015","2015",30207,,
"ITE4","Lazio","120","personale sanitario","NURS","professioni sanitarie infermieristiche","2016","2016",31005,,
"ITE4","Lazio","120","personale sanitario","NURS","professioni sanitarie infermieristiche","2017","2017",33096,,
"ITE4","Lazio","120","personale sanitario","NURS","professioni sanitarie infermieristiche","2018","2018",32771,,
"ITE4","Lazio","120","personale sanitario","NURS","professioni sanitarie infermieristiche","2019","2019",37195,,
"ITE4","Lazio","121","personale sanitario per 1.000 abitanti","NURS","professioni sanitarie infermieristiche","2014","2014",4.91,,
"ITE4","Lazio","121","personale sanitario per 1.000 abitanti","NURS","professioni sanitarie infermieristiche","2015","2015",5.13,,
"ITE4","Lazio","121","personale sanitario per 1.000 abitanti","NURS","professioni sanitarie infermieristiche","2016","2016",5.26,,
"ITE4","Lazio","121","personale sanitario per 1.000 abitanti","NURS","professioni sanitarie infermieristiche","2017","2017",5.61,,
"ITE4","Lazio","121","personale sanitario per 1.000 abitanti","NURS","professioni sanitarie infermieristiche","2018","2018",5.57,,
"ITE4","Lazio","121","personale sanitario per 1.000 abitanti","NURS","professioni sanitarie infermieristiche","2019","2019",6.45,,
"ITFG","Mezzogiorno","120","personale sanitario","NURS","professioni sanitarie infermieristiche","2014","2014",98059,,
"ITFG","Mezzogiorno","120","personale sanitario","NURS","professioni sanitarie infermieristiche","2015","2015",102263,,
"ITFG","Mezzogiorno","120","personale sanitario","NURS","professioni sanitarie infermieristiche","2016","2016",108306,,
"ITFG","Mezzogiorno","120","personale sanitario","NURS","professioni sanitarie infermieristiche","2017","2017",113957,,
"ITFG","Mezzogiorno","120","personale sanitario","NURS","professioni sanitarie infermieristiche","2018","2018",108690,,
"ITFG","Mezzogiorno","120","personale sanitario","NURS","professioni sanitarie infermieristiche","2019","2019",120867,,
"ITFG","Mezzogiorno","121","personale sanitario per 1.000 abitanti","NURS","professioni sanitarie infermieristiche","2014","2014",4.69,,
"ITFG","Mezzogiorno","121","personale sanitario per 1.000 abitanti","NURS","professioni sanitarie infermieristiche","2015","2015",4.9,,
"ITFG","Mezzogiorno","121","personale sanitario per 1.000 abitanti","NURS","professioni sanitarie infermieristiche","2016","2016",5.2,,
"ITFG","Mezzogiorno","121","personale sanitario per 1.000 abitanti","NURS","professioni sanitarie infermieristiche","2017","2017",5.49,,
"ITFG","Mezzogiorno","121","personale sanitario per 1.000 abitanti","NURS","professioni sanitarie infermieristiche","2018","2018",5.26,,
"ITFG","Mezzogiorno","121","personale sanitario per 1.000 abitanti","NURS","professioni sanitarie infermieristiche","2019","2019",5.97,,
"ITF","Sud","120","personale sanitario","NURS","professioni sanitarie infermieristiche","2014","2014",65612,,
"ITF","Sud","120","personale sanitario","NURS","professioni sanitarie infermieristiche","2015","2015",68786,,
"ITF","Sud","120","personale sanitario","NURS","professioni sanitarie infermieristiche","2016","2016",73386,,
"ITF","Sud","120","personale sanitario","NURS","professioni sanitarie infermieristiche","2017","2017",78140,,
"ITF","Sud","120","personale sanitario","NURS","professioni sanitarie infermieristiche","2018","2018",73373,,
"ITF","Sud","120","personale sanitario","NURS","professioni sanitarie infermieristiche","2019","2019",83052,,
"ITF","Sud","121","personale sanitario per 1.000 abitanti","NURS","professioni sanitarie infermieristiche","2014","2014",4.63,,
"ITF","Sud","121","personale sanitario per 1.000 abitanti","NURS","professioni sanitarie infermieristiche","2015","2015",4.87,,
"ITF","Sud","121","personale sanitario per 1.000 abitanti","NURS","professioni sanitarie infermieristiche","2016","2016",5.21,,
"ITF","Sud","121","personale sanitario per 1.000 abitanti","NURS","professioni sanitarie infermieristiche","2017","2017",5.56,,
"ITF","Sud","121","personale sanitario per 1.000 abitanti","NURS","professioni sanitarie infermieristiche","2018","2018",5.24,,
"ITF","Sud","121","personale sanitario per 1.000 abitanti","NURS","professioni sanitarie infermieristiche","2019","2019",6.04,,
"ITF1","Abruzzo","120","personale sanitario","NURS","professioni sanitarie infermieristiche","2014","2014",8074,,
"ITF1","Abruzzo","120","personale sanitario","NURS","professioni sanitarie infermieristiche","2015","2015",8294,,
"ITF1","Abruzzo","120","personale sanitario","NURS","professioni sanitarie infermieristiche","2016","2016",8431,,
"ITF1","Abruzzo","120","personale sanitario","NURS","professioni sanitarie infermieristiche","2017","2017",8534,,
"ITF1","Abruzzo","120","personale sanitario","NURS","professioni sanitarie infermieristiche","2018","2018",8349,,
"ITF1","Abruzzo","120","personale sanitario","NURS","professioni sanitarie infermieristiche","2019","2019",8792,,
"ITF1","Abruzzo","121","personale sanitario per 1.000 abitanti","NURS","professioni sanitarie infermieristiche","2014","2014",6.06,,
"ITF1","Abruzzo","121","personale sanitario per 1.000 abitanti","NURS","professioni sanitarie infermieristiche","2015","2015",6.24,,
"ITF1","Abruzzo","121","personale sanitario per 1.000 abitanti","NURS","professioni sanitarie infermieristiche","2016","2016",6.37,,
"ITF1","Abruzzo","121","personale sanitario per 1.000 abitanti","NURS","professioni sanitarie infermieristiche","2017","2017",6.47,,
"ITF1","Abruzzo","121","personale sanitario per 1.000 abitanti","NURS","professioni sanitarie infermieristiche","2018","2018",6.36,,
"ITF1","Abruzzo","121","personale sanitario per 1.000 abitanti","NURS","professioni sanitarie infermieristiche","2019","2019",6.78,,
"ITF2","Molise","120","personale sanitario","NURS","professioni sanitarie infermieristiche","2014","2014",2038,,
"ITF2","Molise","120","personale sanitario","NURS","professioni sanitarie infermieristiche","2015","2015",2102,,
"ITF2","Molise","120","personale sanitario","NURS","professioni sanitarie infermieristiche","2016","2016",2280,,
"ITF2","Molise","120","personale sanitario","NURS","professioni sanitarie infermieristiche","2017","2017",2338,,
"ITF2","Molise","120","personale sanitario","NURS","professioni sanitarie infermieristiche","2018","2018",2215,,
"ITF2","Molise","120","personale sanitario","NURS","professioni sanitarie infermieristiche","2019","2019",2431,,
"ITF2","Molise","121","personale sanitario per 1.000 abitanti","NURS","professioni sanitarie infermieristiche","2014","2014",6.49,,
"ITF2","Molise","121","personale sanitario per 1.000 abitanti","NURS","professioni sanitarie infermieristiche","2015","2015",6.72,,
"ITF2","Molise","121","personale sanitario per 1.000 abitanti","NURS","professioni sanitarie infermieristiche","2016","2016",7.33,,
"ITF2","Molise","121","personale sanitario per 1.000 abitanti","NURS","professioni sanitarie infermieristiche","2017","2017",7.55,,
"ITF2","Molise","121","personale sanitario per 1.000 abitanti","NURS","professioni sanitarie infermieristiche","2018","2018",7.21,,
"ITF2","Molise","121","personale sanitario per 1.000 abitanti","NURS","professioni sanitarie infermieristiche","2019","2019",8.04,,
"ITF3","Campania","120","personale sanitario","NURS","professioni sanitarie infermieristiche","2014","2014",22301,,
"ITF3","Campania","120","personale sanitario","NURS","professioni sanitarie infermieristiche","2015","2015",23967,,
"ITF3","Campania","120","personale sanitario","NURS","professioni sanitarie infermieristiche","2016","2016",25844,,
"ITF3","Campania","120","personale sanitario","NURS","professioni sanitarie infermieristiche","2017","2017",28998,,
"ITF3","Campania","120","personale sanitario","NURS","professioni sanitarie infermieristiche","2018","2018",26300,,
"ITF3","Campania","120","personale sanitario","NURS","professioni sanitarie infermieristiche","2019","2019",31183,,
"ITF3","Campania","121","personale sanitario per 1.000 abitanti","NURS","professioni sanitarie infermieristiche","2014","2014",3.8,,
"ITF3","Campania","121","personale sanitario per 1.000 abitanti","NURS","professioni sanitarie infermieristiche","2015","2015",4.09,,
"ITF3","Campania","121","personale sanitario per 1.000 abitanti","NURS","professioni sanitarie infermieristiche","2016","2016",4.42,,
"ITF3","Campania","121","personale sanitario per 1.000 abitanti","NURS","professioni sanitarie infermieristiche","2017","2017",4.97,,
"ITF3","Campania","121","personale sanitario per 1.000 abitanti","NURS","professioni sanitarie infermieristiche","2018","2018",4.52,,
"ITF3","Campania","121","personale sanitario per 1.000 abitanti","NURS","professioni sanitarie infermieristiche","2019","2019",5.45,,
"ITF4","Puglia","120","personale sanitario","NURS","professioni sanitarie infermieristiche","2014","2014",20624,,
"ITF4","Puglia","120","personale sanitario","NURS","professioni sanitarie infermieristiche","2015","2015",21517,,
"ITF4","Puglia","120","personale sanitario","NURS","professioni sanitarie infermieristiche","2016","2016",23138,,
"ITF4","Puglia","120","personale sanitario","NURS","professioni sanitarie infermieristiche","2017","2017",24142,,
"ITF4","Puglia","120","personale sanitario","NURS","professioni sanitarie infermieristiche","2018","2018",23592,,
"ITF4","Puglia","120","personale sanitario","NURS","professioni sanitarie infermieristiche","2019","2019",26007,,
"ITF4","Puglia","121","personale sanitario per 1.000 abitanti","NURS","professioni sanitarie infermieristiche","2014","2014",5.04,,
"ITF4","Puglia","121","personale sanitario per 1.000 abitanti","NURS","professioni sanitarie infermieristiche","2015","2015",5.27,,
"ITF4","Puglia","121","personale sanitario per 1.000 abitanti","NURS","professioni sanitarie infermieristiche","2016","2016",5.68,,
"ITF4","Puglia","121","personale sanitario per 1.000 abitanti","NURS","professioni sanitarie infermieristiche","2017","2017",5.95,,
"ITF4","Puglia","121","personale sanitario per 1.000 abitanti","NURS","professioni sanitarie infermieristiche","2018","2018",5.84,,
"ITF4","Puglia","121","personale sanitario per 1.000 abitanti","NURS","professioni sanitarie infermieristiche","2019","2019",6.56,,
"ITF5","Basilicata","120","personale sanitario","NURS","professioni sanitarie infermieristiche","2014","2014",3343,,
"ITF5","Basilicata","120","personale sanitario","NURS","professioni sanitarie infermieristiche","2015","2015",3461,,
"ITF5","Basilicata","120","personale sanitario","NURS","professioni sanitarie infermieristiche","2016","2016",3960,,
"ITF5","Basilicata","120","personale sanitario","NURS","professioni sanitarie infermieristiche","2017","2017",4048,,
"ITF5","Basilicata","120","personale sanitario","NURS","professioni sanitarie infermieristiche","2018","2018",3623,,
"ITF5","Basilicata","120","personale sanitario","NURS","professioni sanitarie infermieristiche","2019","2019",4296,,
"ITF5","Basilicata","121","personale sanitario per 1.000 abitanti","NURS","professioni sanitarie infermieristiche","2014","2014",5.79,,
"ITF5","Basilicata","121","personale sanitario per 1.000 abitanti","NURS","professioni sanitarie infermieristiche","2015","2015",6.02,,
"ITF5","Basilicata","121","personale sanitario per 1.000 abitanti","NURS","professioni sanitarie infermieristiche","2016","2016",6.92,,
"ITF5","Basilicata","121","personale sanitario per 1.000 abitanti","NURS","professioni sanitarie infermieristiche","2017","2017",7.12,,
"ITF5","Basilicata","121","personale sanitario per 1.000 abitanti","NURS","professioni sanitarie infermieristiche","2018","2018",6.41,,
"ITF5","Basilicata","121","personale sanitario per 1.000 abitanti","NURS","professioni sanitarie infermieristiche","2019","2019",7.73,,
"ITF6","Calabria","120","personale sanitario","NURS","professioni sanitarie infermieristiche","2014","2014",9232,,
"ITF6","Calabria","120","personale sanitario","NURS","professioni sanitarie infermieristiche","2015","2015",9445,,
"ITF6","Calabria","120","personale sanitario","NURS","professioni sanitarie infermieristiche","2016","2016",9733,,
"ITF6","Calabria","120","personale sanitario","NURS","professioni sanitarie infermieristiche","2017","2017",10080,,
"ITF6","Calabria","120","personale sanitario","NURS","professioni sanitarie infermieristiche","2018","2018",9294,,
"ITF6","Calabria","120","personale sanitario","NURS","professioni sanitarie infermieristiche","2019","2019",10343,,
"ITF6","Calabria","121","personale sanitario per 1.000 abitanti","NURS","professioni sanitarie infermieristiche","2014","2014",4.67,,
"ITF6","Calabria","121","personale sanitario per 1.000 abitanti","NURS","professioni sanitarie infermieristiche","2015","2015",4.79,,
"ITF6","Calabria","121","personale sanitario per 1.000 abitanti","NURS","professioni sanitarie infermieristiche","2016","2016",4.95,,
"ITF6","Calabria","121","personale sanitario per 1.000 abitanti","NURS","professioni sanitarie infermieristiche","2017","2017",5.14,,
"ITF6","Calabria","121","personale sanitario per 1.000 abitanti","NURS","professioni sanitarie infermieristiche","2018","2018",4.76,,
"ITF6","Calabria","121","personale sanitario per 1.000 abitanti","NURS","professioni sanitarie infermieristiche","2019","2019",5.43,,
"ITG","Isole","120","personale sanitario","NURS","professioni sanitarie infermieristiche","2014","2014",32447,,
"ITG","Isole","120","personale sanitario","NURS","professioni sanitarie infermieristiche","2015","2015",33477,,
"ITG","Isole","120","personale sanitario","NURS","professioni sanitarie infermieristiche","2016","2016",34920,,
"ITG","Isole","120","personale sanitario","NURS","professioni sanitarie infermieristiche","2017","2017",35817,,
"ITG","Isole","120","personale sanitario","NURS","professioni sanitarie infermieristiche","2018","2018",35317,,
"ITG","Isole","120","personale sanitario","NURS","professioni sanitarie infermieristiche","2019","2019",37815,,
"ITG","Isole","121","personale sanitario per 1.000 abitanti","NURS","professioni sanitarie infermieristiche","2014","2014",4.8,,
"ITG","Isole","121","personale sanitario per 1.000 abitanti","NURS","professioni sanitarie infermieristiche","2015","2015",4.96,,
"ITG","Isole","121","personale sanitario per 1.000 abitanti","NURS","professioni sanitarie infermieristiche","2016","2016",5.2,,
"ITG","Isole","121","personale sanitario per 1.000 abitanti","NURS","professioni sanitarie infermieristiche","2017","2017",5.35,,
"ITG","Isole","121","personale sanitario per 1.000 abitanti","NURS","professioni sanitarie infermieristiche","2018","2018",5.3,,
"ITG","Isole","121","personale sanitario per 1.000 abitanti","NURS","professioni sanitarie infermieristiche","2019","2019",5.81,,
"ITG1","Sicilia","120","personale sanitario","NURS","professioni sanitarie infermieristiche","2014","2014",24231,,
"ITG1","Sicilia","120","personale sanitario","NURS","professioni sanitarie infermieristiche","2015","2015",25001,,
"ITG1","Sicilia","120","personale sanitario","NURS","professioni sanitarie infermieristiche","2016","2016",26204,,
"ITG1","Sicilia","120","personale sanitario","NURS","professioni sanitarie infermieristiche","2017","2017",26904,,
"ITG1","Sicilia","120","personale sanitario","NURS","professioni sanitarie infermieristiche","2018","2018",26735,,
"ITG1","Sicilia","120","personale sanitario","NURS","professioni sanitarie infermieristiche","2019","2019",28269,,
"ITG1","Sicilia","121","personale sanitario per 1.000 abitanti","NURS","professioni sanitarie infermieristiche","2014","2014",4.76,,
"ITG1","Sicilia","121","personale sanitario per 1.000 abitanti","NURS","professioni sanitarie infermieristiche","2015","2015",4.92,,
"ITG1","Sicilia","121","personale sanitario per 1.000 abitanti","NURS","professioni sanitarie infermieristiche","2016","2016",5.17,,
"ITG1","Sicilia","121","personale sanitario per 1.000 abitanti","NURS","professioni sanitarie infermieristiche","2017","2017",5.34,,
"ITG1","Sicilia","121","personale sanitario per 1.000 abitanti","NURS","professioni sanitarie infermieristiche","2018","2018",5.33,,
"ITG1","Sicilia","121","personale sanitario per 1.000 abitanti","NURS","professioni sanitarie infermieristiche","2019","2019",5.78,,
"ITG2","Sardegna","120","personale sanitario","NURS","professioni sanitarie infermieristiche","2014","2014",8216,,
"ITG2","Sardegna","120","personale sanitario","NURS","professioni sanitarie infermieristiche","2015","2015",8476,,
"ITG2","Sardegna","120","personale sanitario","NURS","professioni sanitarie infermieristiche","2016","2016",8716,,
"ITG2","Sardegna","120","personale sanitario","NURS","professioni sanitarie infermieristiche","2017","2017",8913,,
"ITG2","Sardegna","120","personale sanitario","NURS","professioni sanitarie infermieristiche","2018","2018",8582,,
"ITG2","Sardegna","120","personale sanitario","NURS","professioni sanitarie infermieristiche","2019","2019",9546,,
"ITG2","Sardegna","121","personale sanitario per 1.000 abitanti","NURS","professioni sanitarie infermieristiche","2014","2014",4.94,,
"ITG2","Sardegna","121","personale sanitario per 1.000 abitanti","NURS","professioni sanitarie infermieristiche","2015","2015",5.1,,
"ITG2","Sardegna","121","personale sanitario per 1.000 abitanti","NURS","professioni sanitarie infermieristiche","2016","2016",5.26,,
"ITG2","Sardegna","121","personale sanitario per 1.000 abitanti","NURS","professioni sanitarie infermieristiche","2017","2017",5.4,,
"ITG2","Sardegna","121","personale sanitario per 1.000 abitanti","NURS","professioni sanitarie infermieristiche","2018","2018",5.22,,
"ITG2","Sardegna","121","personale sanitario per 1.000 abitanti","NURS","professioni sanitarie infermieristiche","2019","2019",5.9,,
